type,id
file,00341c230e89b346ad6cf05d8bef480fc20278cc5784fcfe06e9a445491a64f9
file,004dc00f66098d37167a52a7fc0814f497d30814dc00a8da7083a4765510d79a
file,007e6640a49030d68af8679df6ef5b9ad7bb917396f6a2ab1b5eb72037ebf120
file,00985db874d9177de4a18999f7a420260b3a4665ba2b5b32aa39433ef79819df
file,00f25f4e27938650e42747fc5b85d87e040d8c79db82c72ccf05ca03c8d32771
file,01037b2cc999d1d16c1ebcc90d35c3b6f61c543f78d03e495dd924d50db818b0
file,0130e9d398cc202f042ac8c8712712950b5e29842993260517a79b983e8f090a
file,018d936a3d907e7267c3ba95dade48438795c66c35e7616c8c1fea0333ae5381
file,021d25e60055349911f62338d7d3e0978e85f6485eb307ed4b3e5286694f2c62
file,026f4c95783ed33bc31c16a9a80842fa4a8efa4f67dff5a4739f90a8bc49a219
file,02a39bc189520c404c13f42cd00a9297ff3420ad29837ae081be040751bf51a2
file,02d044074d8315e87008d17c6702dbef6496e9d3545669bc3c3eb5b9ed29fdf1
file,038db3b838d0cd437fa530c001c9913a1320d1d7ac0fd3b35d974a806735c907
file,049678cfcf03f4908e7dc5b5a8e12d89fa9eb576c7b508ee1f553c1e08fee7d8
file,055dc72cd2af80398db4c677048d824d8aeae6da33a1b0e2901a9730e68ba9b9
file,05820445ba75f9b322c13c93935f20785bcd1219e2db794b9155da8d867f5a11
file,05ee959d42eb453c1c4bbcd742e22670caf4ac2c941b0071ee587a4535f1b3b6
file,0646448bea61e9d5ac23298a57dcae0d0e1a558e52bb66afcd7668ed0dfe348f
file,064cb67d16e9ee10c7c06124c3ff7764de2cb82a17f0d3cfd2d5b64403dbb7f1
file,06ad0a15ad23f80816d9388624a14712df3598f856a2360912dd98680374dbda
file,06cc011f34188a2156c18c1307fd625ac9a2ed916a4c7e01b40513a826bd24d0
file,06e916ab0dcf4f5f0dd637bffb2db12e22d1a5a9fc511066a42a58a8fc486290
file,06f3cb2f6ad94c723122ced7b570673561b6dee45cc80c37ab27337b46b6c796
file,07493b465f7075c2e003a6627d5b2663c5b9f88673d3bb84b680ac87ac3dada7
file,074ccd1b26f0bc0cc2893d907916f29b9efdc9f53ebdaf1a6c27c65fe1b1bb4f
file,0754a67a5c85a83829f4f927041917fda7a4837615e69890030571d9b898b0fc
file,079ce714ecd070802ee3117088d904f4d84721a4058c21747d5bd7dc6ee381f5
file,07a94da96ad18711ef61fbd1baca19032d57bc15516f47ab5df23acd7be10cff
file,080cee402e284222cef8a3ff10b94a0b364feb5b9047f2babcb6ea0d1e331932
file,083a645d5e9387f18e9ca23720a566f8154d3e658643ef3c2f9a4acfa8c55259
file,083c28ace437a34a8811ae161e0d0208336f42cb3a0f416d4f6dd4e7bcde2249
file,08a15e5718a53a317604d19b4ea49f1844d7a53af353808e7bfb9dc81cfe2342
file,08c31ed8f0574544769c024a57bc57daa9e444f57845ebd41b2a5213901d4667
file,091b7c16791cf976e684fe22ee18a4099a4e26ec75fa145b85dd14603b466b00
file,0935ffbd6eb40f99494f748a513ac8272239d529c4b3930f07cdef620145d19d
file,09586fda9605e3839de24236cce2a798051a5cf4c572ad43661fc24373ed1a9b
file,09636b8b2245f94c3117969148d4d5edae984f7128e38bead3f6a7791c85b440
file,09934e32acfde19375912fa8b1cc70dfbffc1df06cb4de3dc4bbbce28e5c4c2d
file,09bf1b88716c49a62cb4ff708f7ff4f09cb7c3ff42e58661802cd66f1a2a0311
file,0a0fb9fe1cf34cd8fc6caa01d70849dee3d38f106cd1dfd69657051cf74c320e
file,0a27cf5d27541f720f35742da16d0f08679839710a7f29e5c3689586e3a0c554
file,0a2bb0730657fcba380c280663c5e4174586fda123f7a6c6f270a9356229ed8b
file,0aa13c3c38ad272391b879e4c0adac1e3bc9b54dee325d141daff44c665d4244
file,0aae59e8b36fe2bbeb75e177702f3f44682b333fd6c751d355c1e796691fdd8c
file,0b08482e975eed268c1b993dea2117773202e1840f0fa78c16af0cf72c323e10
file,0b4b8adcb43dfcca9235052fce94be1a25ff61011309ceb361803b5bf2a1b74a
file,0b9b240c69ba1cd5c06b160021798f3b0ddfd855aad6fd6aeda421a79341b7f4
file,0bae047a2fecd7a081f9980a7f754af4fa0c9e5eb41b937ab8448ef50edf820f
file,0bdf0f1872235196a7e77a04979c2195009681dd0dbb523551dc5a3943d0ae46
file,0c1b18a8b3f56fc02b245168b55972936a72ffd2dd1746e92b6a35cc25d9a713
file,0c39054f77a1339dd3a349eb0b134b57aac25fda80d3638912ff5808cbcc8530
file,0c3ef20ede53efbe5eebca50171a589731a17037147102838bdb4a41c33f94e5
file,0c43398c9b643823f879aaaa2e3cc9f4511cb1e45687bf673812ac55f527ff12
file,0c847517bad152533784a48baeaf227b3951f45afe73ae0e78fe0ca6a964a86d
file,0cd158900fe34f41e89d06f73259fc8ab24e2eaefb63c915236bf590788d89da
file,0d1f6195d1031340b6c6d7afb77da1d1bd7bc8b3545f1c5d9f5f1c1cc744639a
file,0d9605ae07664886e0261b498a43c81b36f2caade16f06cdd3f9a9d5b8e4f165
file,0dee02b21cfc3d8055e4ea59c4df9a4d113dbe5676ce4946ec7406749eeb238f
file,0e01bad874c61d09d09ce06f76f5e46f6648a1fc943644874c8e1a53a93af9a7
file,0e5f17f2697aea5447d90d79a827a72610238355bb29f0d7b27012d4e8a3c3be
file,0efb25b41efef47892a1ed5dfbea4a8374189593217929ef6c46724d0580db23
file,0f1545a7176c45b0e7f9198cac8972167e5846e8b84cd40926f7edf338eeace2
file,0f40a5fe30bfe49ad3e35226de87ff8bfa357432570d87374f72458018394676
file,0fef65c9443c60896499c90bcce4448328ab6cf2387e1d7cf1fb9d8234ff5c5b
file,108d14d4973a937b7cc50efd9899c4eee458667810f9aae74e7eeba1312a9b73
file,109aac8fd1994e580398ee91fce9a9e1ef39873566e601106ce2ad6be29e06a6
file,1139c2997698f93629c269abadd593ecdfb6b58d180b1acad9ecb2c35783adbf
file,12018c2af0600fc1f1a75842a1d4f7777001fadb65f93125e479ec9b949e1773
file,129113303c708f4671f9c542824178e1d18d1910f4abf71f45dc76a24072925e
file,12edc6113382af14d98debc9c8961a37cb85c1b88dc81ca4af772982f02b6121
file,12f5d9383518e88b0b7b857b946d33de8c9a075b1b348a7df83ae983c5fefeaa
file,1382affe383ade870ac87f4e4a466a1aa4fed32d96962324b6eaa1822e031adf
file,141d2a8f40a7d9f0788e2426cac1f4cdbe8f236698077c8a82d92f4e3b94a0fe
file,142257a8ebfb66cf873e1253d39d40dfee7af9ebb41b999031491c7f516b6fc4
file,143c1f6a1095fd6f63eae25d3b2cee9ba800c47b48279c8f7c62609118cc4299
file,14545fe3783f850c89cdf4e4ac4db95aa9ed04d21e55c3d5493edd2c828478fc
file,145a0faa4e25006cc3decef0f1541ea5f0e5ab0c8c446cdb921ac7b6c6c87bde
file,14768880993f1399f0f9f7ad98c20a3645fbe08ba534c73e5eb1f85d19f19957
file,14971c780f7708a9ea2d139bb874b5ed8269c216d617598795b9d4a5da7176ef
file,14bd97568b3667d3d1c52cd29a16f794af71662694bb8902890815eb0e3d36dd
file,14ca3dc03e22d3794c7f7c133426128ad4f4fdcc907febcf3954e53b1acb1e9f
file,14ed8ae1a9d44a500f57fa0273162907c05e31d8da92c474944bbd74f55d19b1
file,1512b2dba937a07280ca280aa17bca28f327d04f267668e175f087612ed0003c
file,152d6c4798c82adf5273cf1aa11f04f9724704fa8ed2eec18f2ce90d83a83cbd
file,15b8bd65d4ecbecb3e9ff4d09d1f9f6f4f74639dedbf8bad8a243ee0e0200450
file,15e4de42f49ea4041e4063b991ddfc6523184310f03e645c17710b370ee75347
file,15eb5ae9ca4a46dd94618a1e0680d540c46d14624abc787002981a1ac27a0465
file,16613e7c07681726ab577e6ac14114cb42691838fa3c6c4c1bef7dafa2c7c4a0
file,167c0455c2aa485fc50e6062d10629ca84ae9af29296ccd5da60e4c66e6bbbe1
file,173874e3043653514f5c49e0fec9473043c6cf9f6c441d23efd8555f0e9f1b90
file,17d207b1b71b81a94774c5e71d8ac90161f70fadb9f41e9935bec4c3c5be66ed
file,185e3d9466117c81871a4acbdb26d6ad901ea2f063c96d888c33d507a5f41d7d
file,186d9c0570ab746e82adf1c11e9dacfd66952958192e7e6cfd03561e2a66053f
file,18740a1b9fa6e31ac04a889abac397b66208a59acaf169d641b07ecdc006bd40
file,18955cc831285ada39f13ca4cd12da697fcb012c2beef31afcc52d5dcef257c9
file,191e20a9ed70ab8f4d8dad6b4e35db72b27843f949c9940ed3f5f1e61173c5a5
file,1927c89e8514cc8d7516d4513331a6c461d00547d107ffb7985742c46806f8f5
file,196bb36f7d63c845afd40c5c17ce061e320d110f28ebe8c7c998b9e6b3fe1005
file,1975db054c908cf586ebec6b87c3e762ca5ed64d29efec2c58b587cd54f79dce
file,197c5f2275987ddf07f58a7644fe61128f3f103c3b2178a3451c2ef58058cf19
file,199c04762e7697644f49d7204564def1038cacc8894b23912b0db8e86a30cf0a
file,1a147476f428a3e54505880bb38adb56b8b7dcf8e5d0d0312204396c41b81a1c
file,1a24b6b486f72b19c316fbb8663be1f600ad5d55702b9b37ce84c7a8ab365aab
file,1a71f729b6480858f625c335553b39f7d7cbbb88da3a77bdb5597cd752e6e55f
file,1a94ea3a5b595fa4758ab0e4a3a70a43631439d79d3e94f5f539b00b64d2a1e6
file,1adf8384033acd54b0cb29d623812c492cf5e60dd8d8caea368fd426f3105f23
file,1af981d9c5128b3657cdb5506d61563e0d1908b957e5dd6842059d6d3cfdc622
file,1bd218a18ef1965769ccbb750a737879244fdbf33275bfa925dd237e05754f99
file,1bd7036f51911d4551903813484daf2a6e99965acf21df3bdccf0cdf0d8cae5b
file,1c1ae0d80ff0c58f81a7be7971f8dffa33a4a3ca77c257a4ed3815e485d2b17f
file,1c234c5ba3f3049f5e8783ff2474f33ca5b2c1094329d50fd2c95b6065cfa112
file,1c4d704dcf8a341a8a6129743b1eb84681d53c4459cdb62fe2954e41adfed961
file,1d3d325b621524c2d277f8e9cd3b50869c2c29a34d1f3bba2535c82ce6eff49b
file,1d7053102899df457b96b56671ac70ab69817bc1e97b96d42634a772d0d65995
file,1d8286fdf485f5f1590af5b2b7071d72b26a07ca9d9a1260ae054b20bce95fe7
file,1de8b971a9da9dcf3c8103699b10632674272d3a23e477b1b20f795fe1bf5bae
file,1e02e674196885d692c0dbb6e80cffd83e6d54bf244761d051d6b579ac83db40
file,1e8a6d34c0fe5a5ad2fc1d6ff7000bcf8efa0704c397cb6ef021c2692bf17fe6
file,1ed5262b2c5e305417e53710298955cfc9ffcb9c781d09c7978061134fadd0e9
file,1eff3c163f78ac2db6b1b3140f2c8995d60eb305698fde906628f7baee6628ba
file,1fb6b8bed3a67ee4225f852c3d90fd2b629f2541ab431b4bd4d9d9f5bbd2c4b7
file,1fce9ee9254dd0641387cc3b6ea5f6a60f4753132c20ca03ce4eed2aa1042876
file,200fa71d6a5a171b74870f0899561c374b079dbbdcb1816a5d5d0da5d926a8c8
file,202e0597e322c229fae286b650f7962a0b75ff43ba866848ba02312ad1558be3
file,2032c7c9fe74334d76bebd34dc9183eef730d942344c1845c9dc509742897c28
file,205d86d153477b74ee95794c5b4b9a1d3d70b7820d0c9408bd9c9d1f804c20f1
file,206042ec2b6bc377296c8b7901ce1a00c393df89e7c4cbbb1b8da1a86a153b67
file,20ccbdaedaa2a36d25c26ce7a67d096633dafe8c0bc1b7d9992ada120d186cd0
file,20fe5b613a2057a021fa54982a4853e63f18fccd1b4270afe99ed3d7a442d6e7
file,210b3287c06b3fb109f6f8cca58f4a420284f61a611da3651e72f6a2e398ac8c
file,213ca933aac2c1d8185f0aeeac48d2c82fbfe0dbfb5d42688f890634c2feaa53
file,216aefb53ef02858d7ddd284a6ef5b4da44dbff71db6eb70478aa8f2610c5cb9
file,21cbf06080ae61f95617b3f65f85af5a1390133af6c5c516ac251f9f9cde7fa7
file,21d51086d7aa99d7d96a5e9aa196da720fcf526fbe2421972e1c3555bb84fc8c
file,21f82d020b4f0d904a50f695988926c5c079ebaeb43afab23847f87bf28d60b0
file,22347a3c12046ab10f8d0e087d0ae71338581b9e0e146b01da281a226c47268a
file,2264c2f2c2d5a0d6d62c33cadb848305a8fff81cdd79c4d7560021cfb304a121
file,22dacef022f62c901300e147bb9668998bd18aeac3673916b6a4270c03e82839
file,22ee6c5dbf8ba9ecc80aa9cb03f428c4c0bff3be5e69972d90609f6e82d64167
file,2313b8227700eaf4effbf48eca595748211d125bba92005c4f69631c2330436a
file,23414832a3600faafdf8fdbacea755706b971f105bfb6088b7fb874a80e32e21
file,238d39c4fd48f4f42ce687c4d8a59c558f9eaae0df1a25d11076227bdb7e85c9
file,2463dc75e435c7f0f0b13c55aa7870d1c2ab56378d334261a9a913685bacdd53
file,2466bd396fd49893a75de0042a43540e31382209d5dda5bb90983e0a4a6bca1f
file,2506238cdc298203dc931d7854fe2d725f2eda080a6b785dafb9d5da1a01fae9
file,25067929b51ce5200114d5a102c4e8968e45c972c4a763d51b8a683154c9620d
file,25092e2748f6e1d2fb75c9e3d0f18a867744a74f
file,254c3491b91a3f3216c782ac18f5fad71426e196a88dd85a82c0a2a66653c034
file,255c0904241488153c4ee4f07bfbf5f8e8165aa32b73a8f5eb58c65dabf6fdec
file,25abc3b189e2cee6320fc691730a150250b1a8831a5fc126f5665fb963beb8ff
file,2629b7c8c2e9b2357904b4a29c8d211bee5c45f0fa532941c41385e7fb58bfcf
file,26892dbc9da05df3cc577a832dc2ea6e707037e0e5f95e5bc9a25bac39e78ff1
file,2766eeb9422ef9dccc1f208e7cbb807c57decae2b08d82995aaf897a67583c94
file,27ad82073f21316b59443e53a8f76ded797fadff3e1ef74c968dd84914671778
file,27c1008f283ea779e96e487038c4f0a34c355439cb97790998df4a178baaa433
file,280b45fb30ca137e582f5147af08ff310034aa9b368299e76c180b65ad81b93c
file,2824b4f5365025f5b0cb2bc956c2a46336fde086e0d56625d50375b6374251c8
file,2888922c2d748ea0498725011645efb6d4f35c858e3a158d58357df12a5e63cc
file,28deeda01ab7b37199d07892d03e0a6df45b11c61a0e637fb4533de7d0dfb860
file,28df1f8f49083091fdbe2c49d261e78883425fe98cbc72d90c1a668cc1b7f8c3
file,28fd21516af228e2aa595e44cbbe8ab95bbd438d70d94fc715ee04221d88c0da
file,2982222c5a94fed295856c54fe76f34c1f475905dc548d386bd53c5a6ae83fa2
file,2a9095ba227ab3f6903767fb5e996e3f56eb141472d12fd28eb7b7028074be6f
file,2b24c4c883a562d0326846ee1c92840144d1d755cdb721b24a35038ea92aa0e4
file,2b31d24b4040c4e57b0763eb38c387f3d98411780e9e3580a6f1933e1bcfa2df
file,2c1b2f7afd549e86457ad80a8800194d11ef2a98a185dc73d4241237e7cc06ed
file,2c33166a74ba155a80bb28dcb1fa905ff8cce2dd19464d5784e863478facade5
file,2c39eb618817887c6b8a2e406658e836df7fe521b035b4c8000ee203f6b71b60
file,2c93c63e41f639a3a5c3d0c3dc292ebc7c7e80c27accb441408823dd119837f9
file,2d960acdda45cd77a0590c6f652d8496eba30e1b2b263f6a083ac5b27512d1c6
file,2e0e820a2839da006343b5fa18be65ac194272d80865ce819c38dabb4dc17d8b
file,2e1b612f5183dc842341b0aebb7c2ca51f06632a8331503dd45876b7f7333a8b
file,2e1bcf78fc03408afbd8f0eee3607b40780cc0362145c0ca9c2e063f7d33fd40
file,2e34908f60502ead6ad08af1554c305b88741d09e36b2c24d85fd9bac4a11d2f
file,2e57ae68be8e090da7ae76fa0d06f2b6effa3cd8d886a2d67f6f55a9193db4ff
file,2e85a05c9a7c7a10c15e658baa7c2ed5d5eef533854e27af6d8eb342e1f81ac0
file,2eee7af95e457c97fb0bc3a91a00931c3c33e72f864e9bf4289565cba15ae484
file,2f05419f0baf87feb1c1f4ecb6d391fd9e8083e9e5219fba09875aaca85001a2
file,2f09297007d77b51389dad20338d0bd3d05cea7a2b6186cb0afe874f73ffb7ee
file,2f13c4d57fe43929fbf507699fc6701459b0a118616776995d437787ba558042
file,2f28d047df0a95501b1df736b88eaee22e0be64eb84ef50a4b9f82a413363ce4
file,2f5af97b13b077a00218c60305b4eee5d88d14a9bd042beed286434c3fc6e084
file,2f5c49999af5e428225f389020211ffed81feabec5f5d2d3863b6225abddb2ac
file,2fbe2d2beeff34cd8677a98d3e4eb4eb865fee938d632f478317218c41083c66
file,2fc402ad7b53ff4a9ca527ec8f188c28fb9f42dfe171b77439c46b1912cdf18a
file,2ff9df5aa85da577ac6bb678f36a1c5a2706c610ee637c4ebb9d23f5d810e1a3
file,2ffd2fd6ce48e9473299266cfab5e8143bf8e1b8fc7d7ef7cf33786be044a472
file,301158ffb44a9824deeec16bdc7dabdc328b9f3ecde0df048741218285d8bcc8
file,305de78353b0d599cd40a73c7e639df7f5946d1fc36691c8f7798a99ee6835e7
file,30c42720896c31ff8ca3c335da29eb1a772a20bd7499e3786a0316764db79a0b
file,32039dccac205468c9f43636815e636f4dc821081f495f4bacebbbaa6f05818d
file,329db242a00f0dcf4e2f6390b06c837fd992cabb2cc4d0eda8278a8c57d4b044
file,330f676ff98d61ccc52efc572c645d1f016ad14b1e63b6ab3198cf3fe5e16989
file,331d71f132589286dc4da662a7846011992ad9ea7d0a672734ec7fe686ca4f42
file,3340013b0f00fe0c9e99411f722f8f3f0baf9ae4f40ac78796a6d4d694b46d7b
file,3498b947a0c672c758a49b841180c9021e70601b9a718097df0ef2b3b1105d64
file,349bdd8b76677aae443590247467ed4cb99532c5e52fa58e64db61c968f97201
file,34aed6af1425b5315c9aee05a715aa76635ab453d4a1bf5740e7e94717170bc9
file,34c7aec70b108d23a18b3a963bd14163d09f8242c7aef03fb99c320d0f094032
file,35093a9f9212927ec5afa777d1acbe8626da0ddce678f3c1c64a7c26ebe03bfb
domain,101degrees.net
domain,101kpop.com
domain,180plan.com.au
domain,21cafegame.com
domain,31180.website
domain,4am.health
domain,6shoequarterhorses.com
domain,8sjimonstersboonkonline.com
domain,91mobiles.site
domain,a-1bcdn.com
domain,a2zfortextile.com
domain,aakashfertilitycentre.in
domain,aandlorganics.com
domain,aarzu.com.pk
domain,aavn-school.ac.th
domain,abeokutasportsclub.org
domain,abhijayaspices.com
domain,abodeclime.com
domain,abouthealthupdates.us
domain,abundarma.com
domain,acaciare.net
domain,aceresidence.com.ng
domain,acs-maroc.org
domain,acumenvaluers.co.ke
domain,ada2u.com
domain,adalatirin.site
domain,adam-xii-rpl.my.id
domain,adamantium.network
domain,adashopita.co
domain,adast-alfn.com
domain,adclick.g.doubleclick.net
domain,addoxygenempowermentfoundation.org
domain,adfilms.lk
domain,adfincolniclo.com
domain,adhufdauifadhj13.com
domain,adimogi.com.br
domain,adone.in
domain,adshine.io
domain,adz.biz.id
domain,aehealthcare.co.za
domain,aeic-usa.com
domain,affaires.co.in
domain,africaillustriousawards.org
domain,africanempowermenthubuganda.org
domain,africar.ng
domain,africatrendtrading.com
domain,agatino.net
domain,agenciarays.com.br
domain,agriformexico.com
domain,agromusala.ba
domain,ahantadevnet.org
domain,ahmetaltinok.av.tr
domain,ahorroexpress.cl
domain,ai4fs.com.ng
domain,aipccoaching.com
domain,airesdemoscatel.com
domain,airtaceuropa.com
domain,ajkerbaazar.com
domain,ajpglobalshoppin.com
domain,ajpglobalshopping.com
domain,akla.com.pk
domain,akpoazaagroup.com
domain,aksharagalam.com
domain,aksheraa.com
domain,al7irak.com
domain,alanayamassagespa.com
domain,alasar.com.pk
domain,alcatrazsecurity.co.za
domain,alcodshop.ro
domain,aleeftrade.com
domain,alessiadegaspari.it
domain,alexboatsrental.com
domain,alfa-omega-pty.com
domain,alkawsar.org
domain,alkazem.com
domain,allazeez.in
domain,allseocheckertools.com
domain,alltuning.com.br
domain,alphamgt.com.ng
domain,alpileannn.com
domain,alpscoating.com
domain,alraeid.com
domain,alrehabdevelopments.com
domain,alriyada.edu.sa
domain,althqafi.edu.sa
domain,alzorahvipmassagespa.com
domain,amanafunville.com
domain,amshesp.com
domain,amtrakdeals.com
domain,amv2.org
domain,androidcorners.com
domain,angelesescobar.cl
domain,angryipscanner.net
domain,anksearch.com
domain,annoyingannoying.vodka
domain,anpicacolombia.co
domain,anrtimes.com
domain,antarperu.com.pe
domain,anurajfragrances.com
domain,aonenetwork.com.np
domain,aperasolarlightltd.com
domain,aplikasi.live
domain,appapi.store
domain,application-form.ca
domain,apuntotelecom.com
domain,aquatickidsglobalschool.com
domain,aquila-services.bg
domain,ar.itr.works
domain,aranhaconstrutora.com.br
domain,aranytrade.com
domain,architecterp.com
domain,arge.pt
domain,arigopay.com
domain,arishhomeschool.com.ng
domain,ariyabodgroup.ir
domain,arosalmasayif.com
domain,arqsustancial.com.ar
domain,arquivaae.com
domain,arquivaae.com.br
domain,arsetgraphia.eu
domain,arshany.com
domain,artejoy.co.in
domain,artinicrash.com.au
domain,artnneslie.com
domain,artsbygrace.com.br
domain,asaawy.com
domain,ascent.edu.my
domain,ashwithaatech.com
domain,asiaprofessionals.net
domain,askmrzsparkles.com
domain,asperiabd.com
domain,assecap.com
domain,associatedpackers.com
domain,assuredservice.co.in
domain,astroheenasharma.in
domain,astrologia.com.co
domain,astrosensei.com
domain,atefehataollahi.com
domain,athenas.com.pe
domain,atipakistan.org
domain,atlantadevelopers.lk
domain,atlanticosystems.com
domain,aussieshutters.com
domain,autrequotidien.bj
domain,autumnagedcare.com.au
domain,avemariacare.com
domain,aviorify.com
domain,axecapital.ro
domain,axioworldwide.com
domain,aygun-digital.com.bo
domain,ayturk.world
domain,backupssupport.com
domain,baisoya.com.pk
domain,bakertilly.com.ec
domain,bakewell-eg.com
domain,balkarsoftware.cubistech.com
domain,balletstudiobogota.com
domain,bamboom.com.co
domain,bandafourhead.com.br
domain,bangladeshmulticarehospital.com
domain,bankpinar.com
domain,basicwear-international.eu
domain,basketballdrillsxl.com
domain,beautifullike.com
domain,beautyforwellness.com
domain,beautypele.fun
domain,bebidasjerusalem.com.br
domain,bellazami.com
domain,bellepreviews.com
domain,benaamedia.com
domain,benere.ro
domain,benzomod.online
domain,bepvugiang.vn
domain,bertam.com.my
domain,beseen-bla.com
domain,best4you.live
domain,bestpricesa.com
domain,besttoptenpro.com
domain,bguest.net
domain,bhalmaskin.com
domain,bigkuma.com
domain,bikroygadget.xyz
domain,biosolutions.com.co
domain,bittraderfx.com
domain,blackshine.lk
domain,bligevale.co.zw
domain,blochaus.ng
domain,blog.diu.ac
domain,bluechipfx.com
domain,bluedotbd.online
domain,bluskyglobal.com
domain,boacavaimoveis.com.br
domain,bolhf.org
domain,bologna.epu.edu.iq
domain,bombaycasuals.com
domain,bookabudhabitrips.com
domain,boosterjp.co
domain,bornomalaschool.org
domain,botanistudio.com
domain,brandandbusiness.com.co
url,https://topsmileperu.com/ip/
url,https://axioworldwide.com/umu/?rZ=2420343
url,https://alphamgt.com.ng/solr/
url,https://gloessays.com/atbu/
url,https://ajpglobalshoppin.com/oie/
url,https://gpexpatservices.com/lif/
url,https://tikwave.site/ovo/
url,https://sigetec.com.mx/oam/
url,https://petholickw.com/lm/
url,https://bguest.net/eeu/?p=7801160
url,https://universalsantiveri.com/tlat/?93522131
url,https://imperatizdaconcertina.com.br/oose/
url,https://bikroygadget.xyz/ooel/?96153131
url,https://digitalsafecertificadora.com.br/eeta/?1
url,https://getesolutions.com/au/?u2=4144160
url,https://petittool.com/qt/
url,https://computersupportexperts.com/css/cab/1%20(5).vbs
url,https://computersupportexperts.com/css/cab/invoice-037_2024-02-20_15-59-06.zip
url,https://pittsburghbizpage.com/ut/?1
url,https://dgcomputer.com.br/vsco/?vT=4444393
url,https://humanrecruitasia.com/tei/
url,http://dubai-watertanker.com/po/
url,https://anrtimes.com/enq/?l=7553960
url,https://computersupportexperts.com/css/cab/1%20(98).vbs
url,https://alasar.com.pk/ei/?x=8788937
url,https://parladonna.com.br/ol/
url,https://brij.world/nmsr/
url,http://golamsoroar.com/isr/
url,http://167.71.205.181:2096/HSTS.exe
url,https://pizza10delivery.com.br/ch/
url,https://pedimosjusticia.com/uaa/?97153131
url,https://ifcconstructions.com/eose/?63297121
url,http://eshraqa.co/tosi/
url,https://rshm.co.in/eaii/?1
url,https://vivekwp.com/vas/
url,http://khanz.co.nz/abue/
url,https://arshany.com/iif/
url,https://elnadahospitals.com/ai/
url,https://abodeclime.com/liu/
url,http://oniplast.com.br/sl/
url,https://gtopakistan.org/suih/?98353131
url,https://urhobodaily.com/oue/?1
url,https://michelleolatoksspecialist.com/au/
url,https://bepvugiang.vn/uirv/
url,https://newspaperman.in/arp/?1
url,https://angelesescobar.cl/uure/?1
url,https://dna-do-gamer.com/uni/
url,https://tbgroop.ir/tsm/
url,https://amanafunville.com/sue/?vp=8892437
url,https://sitio.cnf.com.ar/name/
url,http://5.181.159.76/Downloads/abstract.url
url,https://rapidskinandhairclinic.com/iaol/
url,https://mweimall.co.ke/srle/
url,http://voodmastrelinux.com/
url,https://internationalsweetfactory.com/sodq/
url,https://myprojectssydney.com.au/iest/?1
url,https://sexsecret.com.mx/tqe/
url,http://206.188.196.222/w1
url,http://exsef.com/id/
url,https://somoyerdarpon.com/mts/
url,https://whitehouseline.com/qum/
url,https://bangladeshmulticarehospital.com/deoo/?S=6006288
url,https://webcarbrasil.com.br/gu/
url,https://premiumiptvservice.online/gl/
url,https://igcar.eu/uutp/
url,https://renovad3suplemento.fun/anr/
url,https://co-create2071.org/etou/?fR=7316376
url,https://megalista.com.br/eqs/
url,https://drmarcostavaresdeoliveira.com.br/rso/?vQ=4227427
url,https://renovad3.store/uame/
url,https://eysar.com/lit/?10153131
url,https://eloagro.agr.br/aeep/?1
url,https://modivaluxury.com/et/?1
url,https://cubezllc.com/es/?4=142784
url,http://mktrading.co.za/sl/
url,https://computersupportexperts.com/css/cab/1%20(35).vbs
url,http://95.179.164.94/fep4R/Jm
url,https://clyeducation.com/evit/
url,https://aquatickidsglobalschool.com/et/
url,https://hbionline.live/vifl/
url,https://time4realestate.com/sd/
url,https://rtp-kapuas88.com/snr/
url,https://co-create2071.org/tas/
url,https://chasehomes.ae/rs/?xF=6969109
url,https://gtf.rs/fil/
url,https://computersupportexperts.com/css/cab/invoice-070_2024-02-20_15-59-11.zip
url,http://zochao.com:2351/gnindfth
url,https://mycopier.com.my/seui/
url,https://campfuckyeah.com/us/?1
url,http://lakerestaurant.co.za/mxt/
url,https://wcmtelecom.tv/mne/
url,http://64.52.80.82/Autoit3.exe
url,https://gelsynergysolutions.com/frts/?iH=1409867
url,https://moucecore.org/unsn/?1
url,https://computersupportexperts.com/css/cab/invoice-069_2024-02-20_15-59-10.zip
url,https://www.siguefutbol.com/wp-content/plugins/wp-automatic/d.txt
url,http://aquila-services.bg/tcer/
url,https://rshm.co.in/eaii/
url,https://talhaislam.com/saes/?89922131
url,http://jpbenterprise.com/oqs/
url,https://menu.web.id/vm/?q=5185691
url,https://jelitamultimedia.com/sda/
url,https://fetyma.com/doen/?97432131
url,http://cetmar18.edu.mx/eda/
url,https://taxagentuae.com/cq/
url,https://preneurlab.digital/nus/
url,https://aonenetwork.com.np/is/?83532131
url,https://yellowstone.com.mm/uute/
url,https://califholdings.com/es/
url,https://yacht-rentalm.com/em/?56522131
url,https://adclick.g.doubleclick.net/pcs/click?adurl=https://posicionamientonatural.es/
url,http://nasa2000.com.mx/usnt/
url,https://elsantotomesino.com.ar/ulr/?99253131
url,https://wedoit.global/arp/?1
url,https://bluedotbd.online/usqm/?91222131
url,https://constitutionalsanctuarycity.org/eit/?1
url,https://anksearch.com/me/?uB=6340412
url,https://axecapital.ro/hi/
url,https://computersupportexperts.com/css/cab/invoice-038_2024-02-20_15-59-06.zip
url,https://rkindustriesguj.com/doo/?1
url,https://cannamed.org.za/otas/?U=2776062
url,https://theprimacare.in/cmu/
url,https://woodxestofados.com.br/qqu/?97453131
url,http://cheneseemeg7575.cash/
url,https://adimogi.com.br/te/
url,https://constrowins.eng.br/tete/
url,https://yellowstone.com.mm/rahu/?35697121
url,http://closebit.co.uk/si/
url,http://zochao.com/
url,https://alraeid.com/edus/
url,https://ltiacademy.co.uk/ni/
url,https://realsportscast24.co.uk/rsis/?1
url,https://keestroke.co.ke/re/
url,https://pineheightsystems.com.ng/ei/?1
url,https://nexspace.co.th/uii/
url,http://91.103.252.209/
url,https://computersupportexperts.com/css/cab/1%20(16).vbs
url,https://jhenaidahpoly.gov.bd/ninh/
url,https://kejriwalyojana.com/qoua/
url,https://tingolazodeportes.com/re/
url,http://185.123.53.208/lightshot.hta
url,https://beautifullike.com/erm/
url,https://bangladeshmulticarehospital.com/sul/
url,https://globalhi-tech.sg/bm/
url,https://jilmondeconsulting.com/dt/
url,https://designcollections.pe/mor/?2=5466011
url,https://negmtalkhalhg.com/sp/?v=4332355
url,https://chaleaframe.com.br/en/?xP=6875897
url,https://computersupportexperts.com/css/cab/1%20(18).vbs
url,https://beseen-bla.com/troi/
url,https://alriyada.edu.sa/qui/
url,https://herseyfikir.com.tr/itt/
url,https://mapwo.org.af/smui/
url,https://suad.group/hi/?gE=8696628
url,https://misterbbqgalati.ro/tlum/?cr=187173
url,https://xuyentri.com/do/
url,https://mediatrends.live/vmni/
url,https://infocuankerajaan.co/qu/
url,https://ajpglobalshoppin.com/mii/
url,https://devpassion.com.mx/oab/?0Q=9068505
url,https://adast-alfn.com/suai/
url,http://149.56.252.31/dark.rar
url,https://itscnf.com/rs/
url,https://hpiflogistics.com/acq/
url,https://devvaults.com/taxm/?15532131
url,https://kostumn1.ilabserver.com/1.zip
url,http://thekingsocial.com.ng/tt/
url,https://lendbright.com.au/eu/
url,https://garimaenterprises.co.in/se/?1
url,http://ejlalacademy.com/de/
url,https://egypt4translation.qa/mt/
url,https://elegantstudio.com.ng/umuu/
url,http://172.86.101.170/singer
url,http://195.211.98.105/public/gffdgfdgfdg.msi
url,https://chorleyeyecare.co.uk/nted/?90232131
url,https://conceptloop.net/rdm/
url,https://aksharagalam.com/ve/
url,https://flyforeducation.com/quau/
url,https://careersit.co.za/fse/?sG=8597246
url,https://avemariacare.com/tso/
url,https://revitalhcare.com/at/
url,http://e-deshltd.com/as/
url,https://hmas.mx/relo/
url,https://codelimd.com/ta/
url,https://askmrzsparkles.com/mntn/
url,https://computersupportexperts.com/css/cab/invoice-029_2024-02-20_15-59-05.zip
url,https://jpbenterprise.com/oqs/?58032131
url,https://hfd.com.tr/tm/
url,https://mandataris.com/ii/
url,https://digithub.co.uk/uo/?52622131
url,https://drtarekeyeclinic.com/tc/
url,https://tsmedia.id/atso/?1
url,https://inavco.com/ele/
url,http://23.184.48.119/tvnc/
url,https://lqlop.com/ff/
url,http://erkainterindo.com/bnm/
url,https://hosurallproperty.com/coam/
url,https://alanayamassagespa.com/ofr/
url,https://sharethatbiz.com/gait/
url,https://computersupportexperts.com/css/cab/invoice-093_2024-02-20_15-59-14.zip
ip_address,103.124.106.237
ip_address,107.181.161.20
ip_address,145.239.202.110
ip_address,149.56.252.31
ip_address,158.220.95.214
ip_address,158.220.95.215
ip_address,167.114.199.65
ip_address,172.232.208.90
ip_address,172.86.101.170
ip_address,178.236.247.102
ip_address,178.236.247.73
ip_address,185.130.226.220
ip_address,185.130.227.202
ip_address,185.196.220.194
ip_address,188.246.224.221
ip_address,193.142.146.203
ip_address,194.233.91.144
ip_address,206.188.196.222
ip_address,38.180.60.31
ip_address,45.140.146.2
ip_address,45.153.243.208
ip_address,45.63.52.184
ip_address,5.188.87.58
ip_address,66.42.63.27
ip_address,78.142.18.222
ip_address,80.66.88.14
ip_address,80.66.88.145
ip_address,81.19.135.17
ip_address,84.247.157.112
ip_address,89.248.193.66
ip_address,91.103.252.209
ip_address,91.222.173.113
ip_address,91.222.173.242
ip_address,94.228.169.123
ip_address,94.228.169.143
